city,country,pm25,pm10,no2,so2,o3,co,pm25_z,pm10_z,no2_z,so2_z,o3_z,co_z,cluster
Auckland,NZ,39.660241666666664,69.68865,32.982058333333335,6.062016666666667,48.60751388888888,0.8027027777777778,-0.8410771985683726,-0.3569866676707271,1.3445794027050089,0.20014988146585178,0.6306844219589313,0.14165740000997473,2
Bangkok,TH,41.42666944444444,71.19614722222222,31.97423888888889,5.845230555555555,47.37255277777778,0.7893277777777779,1.2547383849180156,0.8038882820005655,-0.11741103067493255,-1.4366522326343516,-0.8052490447409767,-0.7572360910917314,1
Beijing,CN,41.00035833333334,70.66744166666666,32.20930833333333,6.07961111111111,47.567619444444446,0.7918694444444444,0.7489325538955537,0.39674919998505154,0.2235917956271114,0.33299337275540114,-0.578438052569527,-0.5864183248699183,1
Bengaluru,IN,39.90501944444445,68.17606944444444,31.38810833333333,5.900011111111111,47.49640833333333,0.8160694444444445,-0.5506554289315577,-1.5217761282548787,-0.9676796672423394,-1.0230421139540091,-0.6612377591557056,1.0399908328617844,0
Berlin,DE,41.00785833333333,71.52373055555556,32.00867222222222,6.01145,47.952258333333326,0.7807138888888889,0.7578310874636276,1.0561496327949036,-0.06746041283339542,-0.18164407423908088,-0.13120465535519152,-1.3361496354128983,1
Buenos Aires,AR,39.98838055555556,68.25268333333334,32.526605555555555,6.229205555555556,47.431808333333336,0.8160305555555556,-0.4517498761989156,-1.4627782454747584,0.6838781157453288,1.4624776449227028,-0.7363504903293567,1.0373772276955469,2
Cairo,EG,40.08130277777778,69.77635555555555,32.93115,6.149241666666667,47.82762777777778,0.7905861111111111,-0.3415003410435557,-0.28944745042337167,1.2707293725999866,0.8587255792844966,-0.2761170611673881,-0.672667295355688,2
Cape Town,ZA,39.96741388888889,72.55965555555555,33.081069444444445,5.816541666666667,48.66816666666667,0.8096805555555556,-0.47662622115146425,1.853882036218826,1.488209591664656,-1.6532622070641747,0.7012075766363141,0.6106128412659513,4
Chennai,IN,41.613775000000004,70.45726666666667,31.497355555555558,5.923044444444444,47.629688888888886,0.8130972222222221,1.476733727169453,0.2349002168157891,-0.80920049258197,-0.8491333312301412,-0.5062676888751976,0.8402367237280604,0
Chicago,US,40.28811944444445,72.23688055555554,31.13691388888889,6.089333333333333,49.724238888888884,0.7721666666666667,-0.0961183342739346,1.6053234277141908,-1.332074179295441,0.4063991541752732,1.9291405321742057,-1.9105827137348048,3
Delhi,IN,40.97649722222222,69.54928333333334,33.23896111111111,5.706988888888889,49.075669444444436,0.8280277777777777,0.720622034136353,-0.4643084389931458,1.717254692401252,-2.4804195251836476,1.1750256354558397,1.8436744214791927,4
Doha,QA,41.28815,68.80273333333334,32.485905555555554,5.901555555555555,47.143705555555556,0.8115305555555555,1.0903890614218936,-1.0392024957792387,0.6248367755860644,-1.0113810812484503,-1.0713378974130625,0.7349457727454342,0
Dubai,AE,40.66903611111111,71.42096111111111,32.83309722222222,5.947563888888889,47.14039166666667,0.7847416666666667,0.35582829838942304,0.9770102009680712,1.1284893871862627,-0.6640039504892283,-1.0751910745841158,-1.0654548146242233,1
Helsinki,FI,40.018316666666664,70.96961111111112,32.55051388888889,5.8995138888888885,48.678416666666664,0.8254555555555555,-0.4162315442495821,0.6294401352920976,0.7185606720346223,-1.0267962953466245,0.7131256183472959,1.6708031083410457,4
Ho Chi Minh City,VN,39.311733333333336,68.66601944444444,30.952524999999998,6.1016055555555555,48.37506666666667,0.7709888888888888,-1.2545722789580929,-1.1444814485651718,-1.5995574006830984,0.49905822340755157,0.3604097204907997,-1.989737613055084,5
Hong Kong,HK,39.72897777777778,67.9286888888889,31.8546,6.208416666666667,49.630088888888885,0.7855277777777778,-0.7595237862934846,-1.712275908783069,-0.29096484726375765,1.3055151111666252,1.8196689587995911,-1.0126226530496025,5
Houston,US,40.87342777777778,70.06076944444445,30.771941666666667,5.783661111111111,48.522288888888895,0.7926777777777777,0.5983331126386948,-0.07042949531032575,-1.8615201036419864,-1.9015205598261677,0.5315902653912179,-0.5320926746288825,0
Istanbul,TR,40.378286111111116,69.91812777777778,30.92607777777778,6.017980555555555,48.28693055555555,0.8244083333333333,0.010861813733452448,-0.18027323841758894,-1.637922988975224,-0.1323363622053396,0.2579307108842766,1.6004224549359911,0
Jakarta,ID,39.10111388888889,69.88671666666667,32.58796944444445,6.094716666666667,48.28315555555556,0.796063888888889,-1.5044661718220496,-0.20446192115126488,0.7728954680152119,0.4470449840014754,0.25354138332731313,-0.30452233908307746,2
Karachi,PK,41.77410277777778,70.04000277777779,32.908033333333336,6.02655,48.5199,0.7976527777777777,1.6669580088296523,-0.08642123497400607,1.237195245326892,-0.06763440915382155,0.5288126188135818,-0.19773789943404346,3
Kolkata,IN,40.25873055555556,68.55609722222222,31.511186111111112,5.936588888888889,48.26203055555555,0.8034472222222222,-0.13098740284812202,-1.2291290036710276,-0.7891372361901507,-0.7468685911720571,0.2289785900448906,0.1916892703350539,0
Kuala Lumpur,MY,41.14695555555556,70.82664722222222,31.203119444444443,6.045886111111111,45.97548055555555,0.7887305555555555,0.922865927619818,0.5193482592526413,-1.236033276937006,0.07835920355008752,-2.429674900127468,-0.797373599001786,1
Lagos,NG,40.88786111111111,71.09503333333333,32.27421666666667,6.139363888888888,49.05357222222222,0.7891805555555556,0.6154578461274878,0.7260237400666669,0.3177508862291815,0.7841453053619056,1.1493324046127773,-0.7671304535067709,3
London,GB,39.693955555555554,70.95420277777778,31.56093611111111,6.144752777777778,47.715177777777775,0.8117916666666667,-0.8010766423032563,0.6175746751644218,-0.7169675390667283,0.8248330813489229,-0.40686669925528857,0.7524942645758755,1
Los Angeles,US,40.643225,69.73913333333333,31.553972222222225,6.012408333333334,48.52373333333334,0.8085722222222222,0.32520415990252843,-0.3181110822443202,-0.7270696848338063,-0.17440836149911704,0.5332697726242038,0.5361250940282363,0
Madrid,ES,40.389447222222216,68.72852222222222,32.13377222222222,5.985019444444444,48.463883333333335,0.8012138888888889,0.02410414998401486,-1.0963500769529986,0.1140155491794682,-0.38120293429909297,0.4636800363897775,0.041593659359816404,0
Manila,PH,38.34164722222222,70.37370555555556,32.56014444444445,6.371691666666667,48.488030555555554,0.8108416666666667,-2.405551455445067,0.1705525024547696,0.7325312102773376,2.538291804331874,0.491756875575043,0.6886476240864078,2
Melbourne,AU,39.997550000000004,69.66836388888889,31.74592222222222,6.194619444444445,49.50907222222222,0.8026,-0.4408705949736407,-0.3726083470131375,-0.4486179589475608,1.2013418207916307,1.6789585508914557,0.1347500149277804,3
Mexico City,MX,40.276624999999996,72.33871388888889,32.60056111111111,6.033858333333333,49.399772222222225,0.7694888888888889,-0.10975616090532221,1.6837419905915034,0.7911615337360631,-0.012454234606492656,1.5518715305001096,-2.09054809803845,3
Moscow,RU,41.10033611111111,69.13488611111111,32.69519722222223,6.089311111111111,49.03026111111111,0.7808555555555555,0.8675533021112543,-0.7834223633173312,0.9284451412903898,0.4062313695320267,1.1222277417296758,-1.3266286451644738,3
Mumbai,IN,39.87761388888889,71.201325,32.34617222222222,6.030741666666667,47.27851111111111,0.8181333333333334,-0.5831713297399698,0.8078755215314765,0.42213300986319185,-0.035986030821658126,-0.9145946550731217,1.1786985927555673,1
Nairobi,KE,40.91171388888889,70.88098611111111,31.563430555555552,6.161544444444444,46.240375,0.8095138888888889,0.6437584786271682,0.5611928835572214,-0.7133489802718238,0.9516153524012338,-2.121672652527587,0.5994116762677928,1
New York,US,40.91777222222222,72.56346944444444,32.89734722222222,5.929655555555556,47.93846111111112,0.8010027777777777,0.6509465162982684,1.8568189889419693,1.2216934683959115,-0.7992173998646263,-0.14724717925178654,0.02740551702882024,4
Osaka,JP,40.35004166666666,71.13056388888889,32.081136111111114,6.170038888888889,47.272172222222224,0.7921666666666667,-0.02264940453332028,0.7533846739936587,0.03765912311628523,1.0157510322817933,-0.9219651079686392,-0.566442913956543,1
Paris,FR,40.931238888888885,68.88699722222222,33.37738888888889,5.962558333333334,46.35133611111111,0.8113138888888888,0.6669243276827348,-0.9743135949368259,1.9180645576412678,-0.5507912624593866,-1.9926541988183073,0.7203842582478305,2
Riyadh,SA,41.01410277777778,69.03395833333333,31.724680555555555,6.134133333333334,48.77815,0.8247305555555556,0.7652399405973533,-0.8611435870921293,-0.47943212276122743,0.7446529949580248,0.8290891331417195,1.6220780405990929,0
Rome,IT,41.14692222222222,71.5507638888889,32.00437222222222,6.0871361111111115,47.98560833333333,0.7978805555555556,0.9228263785817363,1.0769671301741173,-0.07369819570034548,0.38980944757438685,-0.09242741720283816,-0.18242964060322475,1
San Francisco,US,40.01829722222222,70.23850555555556,30.51721388888889,5.997730555555555,48.333725,0.8078638888888889,-0.4162546145217908,0.06643934663469267,-2.2310402357252994,-0.2852301183627195,0.3123402855898011,0.48852014278609107,0
Seoul,KR,40.24131666666666,68.87523888888889,32.854213888888886,6.2199277777777775,47.84050833333333,0.8134527777777778,-0.15164847949194754,-0.9833683078844422,1.1591222201026334,1.3924275563677408,-0.26114037839940407,0.8641325423907924,2
Shanghai,CN,37.959183333333335,67.45877222222222,31.828263888888888,5.9227944444444445,48.46761111111111,0.7929333333333334,-2.8593338226259872,-2.0741435651375055,-0.32916925253607726,-0.8510209084666477,0.468014456979518,-0.5149175549650412,5
Singapore,SG,40.794238888888884,71.74431666666668,32.12189444444444,6.234494444444445,49.54094166666667,0.8188611111111112,0.5043777811724378,1.2260158765660354,0.09678508436094639,1.502410390015111,1.7160142941299943,1.2276103465808315,3
Stockholm,SE,38.462716666666665,69.54784166666667,31.949277777777777,6.137388888888889,48.12425555555556,0.7927027777777778,-2.2619060533840116,-0.4654186199569556,-0.1536207960770076,0.7692334451934776,0.06878266841253088,-0.5304124998791562,5
Sydney,AU,41.61733611111111,69.88079722222223,31.43013611111111,6.160544444444444,47.03342222222222,0.7808388888888889,1.4809588827376965,-0.20902029424159577,-0.9067121899962519,0.9440650434551878,-1.1995682746514842,-1.327748761664289,1
São Paulo,BR,40.19175555555555,69.61319722222223,31.74168611111111,5.951611111111111,47.407116666666674,0.8043583333333334,-0.21045130761110123,-0.4150904162641791,-0.4547630615781108,-0.6334461723381606,-0.7650603745485927,0.2529223056582915,0
Tehran,IR,41.62723888888889,67.8416388888889,31.92548611111111,5.83595,48.328202777777776,0.8199388888888889,1.492708242800743,-1.779310303858057,-0.18813411019549714,-1.506723294269711,0.30591940024523073,1.3000445469022124,0
Tokyo,JP,40.95506666666667,72.02896666666666,31.489505555555557,5.976177777777778,48.210322222222224,0.8035611111111111,0.695195298403854,1.4452156532242002,-0.8205880729320999,-0.4479602492303573,0.16885546092563422,0.1993433997504558,1
Toronto,CA,40.17941111111111,70.45558333333332,30.825152777777777,5.842180555555555,47.15517777777778,0.8137166666666666,-0.22509763471352945,0.23360393615283165,-1.784329555451239,-1.4596806749197841,-1.0579987341972357,0.8818677203045301,0
Vancouver,CA,40.17873888888889,71.94130555555556,32.428525,6.067055555555555,46.68554444444444,0.7814555555555556,-0.22589520698148183,1.377710661208878,0.5415978345766559,0.2381950493217465,-1.6040582127863623,-1.2863044511711228,1
Warsaw,PL,38.820969444444444,70.30739166666666,32.203716666666665,6.093122222222222,47.93175277777778,0.7905,-1.8368494708621244,0.11948631719644578,0.21548026015477897,0.4350064358486154,-0.15504719842036485,-0.6784545639380672,5
Zurich,CH,40.465780555555554,69.23669444444444,32.76506111111111,6.112866666666667,47.99727777777778,0.7887833333333333,0.11467144718805393,-0.7050230521330496,1.029792994576322,0.5840830913721674,-0.07885893665327187,-0.7938265634190369,2
