city,country,pm25,pm10,no2,so2,o3,co
Auckland,NZ,39.660241666666664,69.68865,32.982058333333335,6.062016666666667,48.60751388888888,0.8027027777777778
Bangkok,TH,41.42666944444444,71.19614722222222,31.97423888888889,5.845230555555555,47.37255277777778,0.7893277777777779
Beijing,CN,41.00035833333334,70.66744166666666,32.20930833333333,6.07961111111111,47.567619444444446,0.7918694444444444
Bengaluru,IN,39.90501944444445,68.17606944444444,31.38810833333333,5.900011111111111,47.49640833333333,0.8160694444444445
Berlin,DE,41.00785833333333,71.52373055555556,32.00867222222222,6.01145,47.952258333333326,0.7807138888888889
Buenos Aires,AR,39.98838055555556,68.25268333333334,32.526605555555555,6.229205555555556,47.431808333333336,0.8160305555555556
Cairo,EG,40.08130277777778,69.77635555555555,32.93115,6.149241666666667,47.82762777777778,0.7905861111111111
Cape Town,ZA,39.96741388888889,72.55965555555555,33.081069444444445,5.816541666666667,48.66816666666667,0.8096805555555556
Chennai,IN,41.613775000000004,70.45726666666667,31.497355555555558,5.923044444444444,47.629688888888886,0.8130972222222221
Chicago,US,40.28811944444445,72.23688055555554,31.13691388888889,6.089333333333333,49.724238888888884,0.7721666666666667
Delhi,IN,40.97649722222222,69.54928333333334,33.23896111111111,5.706988888888889,49.075669444444436,0.8280277777777777
Doha,QA,41.28815,68.80273333333334,32.485905555555554,5.901555555555555,47.143705555555556,0.8115305555555555
Dubai,AE,40.66903611111111,71.42096111111111,32.83309722222222,5.947563888888889,47.14039166666667,0.7847416666666667
Helsinki,FI,40.018316666666664,70.96961111111112,32.55051388888889,5.8995138888888885,48.678416666666664,0.8254555555555555
Ho Chi Minh City,VN,39.311733333333336,68.66601944444444,30.952524999999998,6.1016055555555555,48.37506666666667,0.7709888888888888
Hong Kong,HK,39.72897777777778,67.9286888888889,31.8546,6.208416666666667,49.630088888888885,0.7855277777777778
Houston,US,40.87342777777778,70.06076944444445,30.771941666666667,5.783661111111111,48.522288888888895,0.7926777777777777
Istanbul,TR,40.378286111111116,69.91812777777778,30.92607777777778,6.017980555555555,48.28693055555555,0.8244083333333333
Jakarta,ID,39.10111388888889,69.88671666666667,32.58796944444445,6.094716666666667,48.28315555555556,0.796063888888889
Karachi,PK,41.77410277777778,70.04000277777779,32.908033333333336,6.02655,48.5199,0.7976527777777777
Kolkata,IN,40.25873055555556,68.55609722222222,31.511186111111112,5.936588888888889,48.26203055555555,0.8034472222222222
Kuala Lumpur,MY,41.14695555555556,70.82664722222222,31.203119444444443,6.045886111111111,45.97548055555555,0.7887305555555555
Lagos,NG,40.88786111111111,71.09503333333333,32.27421666666667,6.139363888888888,49.05357222222222,0.7891805555555556
London,GB,39.693955555555554,70.95420277777778,31.56093611111111,6.144752777777778,47.715177777777775,0.8117916666666667
Los Angeles,US,40.643225,69.73913333333333,31.553972222222225,6.012408333333334,48.52373333333334,0.8085722222222222
Madrid,ES,40.389447222222216,68.72852222222222,32.13377222222222,5.985019444444444,48.463883333333335,0.8012138888888889
Manila,PH,38.34164722222222,70.37370555555556,32.56014444444445,6.371691666666667,48.488030555555554,0.8108416666666667
Melbourne,AU,39.997550000000004,69.66836388888889,31.74592222222222,6.194619444444445,49.50907222222222,0.8026
Mexico City,MX,40.276624999999996,72.33871388888889,32.60056111111111,6.033858333333333,49.399772222222225,0.7694888888888889
Moscow,RU,41.10033611111111,69.13488611111111,32.69519722222223,6.089311111111111,49.03026111111111,0.7808555555555555
Mumbai,IN,39.87761388888889,71.201325,32.34617222222222,6.030741666666667,47.27851111111111,0.8181333333333334
Nairobi,KE,40.91171388888889,70.88098611111111,31.563430555555552,6.161544444444444,46.240375,0.8095138888888889
New York,US,40.91777222222222,72.56346944444444,32.89734722222222,5.929655555555556,47.93846111111112,0.8010027777777777
Osaka,JP,40.35004166666666,71.13056388888889,32.081136111111114,6.170038888888889,47.272172222222224,0.7921666666666667
Paris,FR,40.931238888888885,68.88699722222222,33.37738888888889,5.962558333333334,46.35133611111111,0.8113138888888888
Riyadh,SA,41.01410277777778,69.03395833333333,31.724680555555555,6.134133333333334,48.77815,0.8247305555555556
Rome,IT,41.14692222222222,71.5507638888889,32.00437222222222,6.0871361111111115,47.98560833333333,0.7978805555555556
San Francisco,US,40.01829722222222,70.23850555555556,30.51721388888889,5.997730555555555,48.333725,0.8078638888888889
Seoul,KR,40.24131666666666,68.87523888888889,32.854213888888886,6.2199277777777775,47.84050833333333,0.8134527777777778
Shanghai,CN,37.959183333333335,67.45877222222222,31.828263888888888,5.9227944444444445,48.46761111111111,0.7929333333333334
Singapore,SG,40.794238888888884,71.74431666666668,32.12189444444444,6.234494444444445,49.54094166666667,0.8188611111111112
Stockholm,SE,38.462716666666665,69.54784166666667,31.949277777777777,6.137388888888889,48.12425555555556,0.7927027777777778
Sydney,AU,41.61733611111111,69.88079722222223,31.43013611111111,6.160544444444444,47.03342222222222,0.7808388888888889
São Paulo,BR,40.19175555555555,69.61319722222223,31.74168611111111,5.951611111111111,47.407116666666674,0.8043583333333334
Tehran,IR,41.62723888888889,67.8416388888889,31.92548611111111,5.83595,48.328202777777776,0.8199388888888889
Tokyo,JP,40.95506666666667,72.02896666666666,31.489505555555557,5.976177777777778,48.210322222222224,0.8035611111111111
Toronto,CA,40.17941111111111,70.45558333333332,30.825152777777777,5.842180555555555,47.15517777777778,0.8137166666666666
Vancouver,CA,40.17873888888889,71.94130555555556,32.428525,6.067055555555555,46.68554444444444,0.7814555555555556
Warsaw,PL,38.820969444444444,70.30739166666666,32.203716666666665,6.093122222222222,47.93175277777778,0.7905
Zurich,CH,40.465780555555554,69.23669444444444,32.76506111111111,6.112866666666667,47.99727777777778,0.7887833333333333
