city,Auckland,Bangkok,Beijing,Bengaluru,Berlin,Buenos Aires,Cairo,Cape Town,Chennai,Chicago,Delhi,Doha,Dubai,Helsinki,Ho Chi Minh City,Hong Kong,Houston,Istanbul,Jakarta,Karachi,Kolkata,Kuala Lumpur,Lagos,London,Los Angeles,Madrid,Manila,Melbourne,Mexico City,Moscow,Mumbai,Nairobi,New York,Osaka,Paris,Riyadh,Rome,San Francisco,Seoul,Shanghai,Singapore,Stockholm,Sydney,São Paulo,Tehran,Tokyo,Toronto,Vancouver,Warsaw,Zurich
Auckland,1.0,-0.5807968470159866,-0.38774775101567543,-0.17656547135472916,-0.4272658759752355,0.39817019627751943,0.6475677237450411,0.35750663040609126,-0.7392958396298199,-0.20678160024006034,0.3527089674757258,-0.11762449757201332,-0.02332944413018452,0.3828677160944308,-0.11651762895327439,0.38867542590419824,-0.6224074507040595,-0.4376264624092405,0.8127652981762403,0.15403909348107225,-0.16637761900271755,-0.7965723385021191,0.12800418280342526,-0.16389971390693017,-0.37325516791544405,0.33749794980380293,0.5968369180992434,0.3155074401732704,0.21907137089104772,0.34161865299854016,0.10863749777213026,-0.5930208464920933,0.04242225109728718,-0.2243234844290591,0.19905276019936793,-0.019284379384242656,-0.48349386316808834,-0.5928385581138901,0.5724414393080044,0.42119999151275234,0.16095229711407644,0.4513120512130368,-0.6680170404206958,-0.40216519295023917,-0.1471109976514677,-0.654024282145877,-0.6566661742016004,-0.16000699732910897,0.4721611293358294,0.5317159209065404
Bangkok,-0.5807968470159866,0.9999999999999997,0.567414857203365,-0.10080422794322236,0.7218093631161484,-0.6836479894397317,-0.31820553227022425,0.2856002467959432,0.6225151984414147,0.07844903287714174,0.17261829298828274,0.407475723362497,0.7031290454081912,-0.084837801345027,-0.24590906228254883,-0.6677049866275111,0.54431263673406,-0.21479301964475406,-0.6503470789269362,0.33548805790386105,-0.08049527141230149,0.5850845208379175,-0.0345567952015757,-0.45891317407423515,-0.12774027149548667,-0.2445580337239282,-0.872058473583161,-0.7719974712741506,0.19596803247939865,-0.024323261613747607,-0.05454255132882805,0.19781730796714248,0.591626473026809,0.0728187414329294,0.22747721354757133,-0.4824757057730939,0.4823104929721654,-0.07547063702858582,-0.6720432829004722,-0.4561798794898846,-0.41852187787380757,-0.6738545372929403,0.3838225799381423,0.2770363803338055,0.19329193435260036,0.5646712846583571,0.37701903452790947,0.447152632041596,-0.4662469309039744,-0.19151730024421063
Beijing,-0.38774775101567543,0.567414857203365,1.0,-0.5831362184693941,0.7550443285211711,-0.14417799121604563,0.3440096146831498,-0.15691800049710522,0.20065564793669866,0.09452431584466763,-0.3871667990142456,0.13690853448427473,0.6863777417357945,-0.561844553292543,-0.1605840108433319,-0.34519435287469735,-0.17686116291547374,-0.5403325571678657,-0.37912691487049816,0.475485886906465,-0.6015542745488296,0.6658747188571422,0.36932988434190034,-0.20831866308809324,-0.5030318955174978,-0.5173306573445987,-0.30804570773173845,-0.44858337633554074,0.27197632448239917,0.2791648505832252,-0.08519460480618486,0.5261393056547712,0.4244550825297899,0.7189962108868176,0.27767886738813424,-0.36398281573223557,0.7502382546250433,-0.456968788582362,-0.04851650506098134,-0.709770652183436,-0.08983068104001116,-0.4446448395038223,0.7820593203783581,-0.22484691360137116,-0.27868843436577645,0.23372110916497166,-0.25654414757985167,0.7087981953866408,-0.2560361919970179,0.37245501657323343
Bengaluru,-0.17656547135472916,-0.10080422794322236,-0.5831362184693941,0.9999999999999998,-0.6618178238540807,0.29690055307216223,-0.45975539100353713,-0.28047424924515324,0.31934148847167176,-0.5600552784665233,0.24591760060145487,0.5029981460916501,-0.4466998263738602,0.15467034273345706,0.15020381235206554,-0.03730208324915936,0.3741158741977318,0.607969843555588,-0.12314124601405946,-0.46342230651849875,0.8502050447481633,0.07927874652148259,-0.8843107740905094,0.0948234548405403,0.4864348419886855,0.5378783366089496,-0.20337869196385674,-0.17594806708279284,-0.8148718794750922,-0.4727813124129947,0.12074010419181853,0.08163990126725869,-0.563625975919731,-0.531428141803809,0.24316820470232947,0.3000686568368196,-0.7076688758316454,0.49317993396018694,0.018846405304767475,0.5523075987894033,-0.5042713747090425,0.11629478141661305,-0.17735669560203624,0.8671485016245246,0.6246339198913742,-0.26608983944236014,0.6881415383764686,-0.4773370900638711,-0.08514513534796324,-0.343788533726323
Berlin,-0.4272658759752355,0.7218093631161484,0.7550443285211711,-0.6618178238540807,0.9999999999999998,-0.7244802467632921,0.03905664185404261,0.15367642005530371,0.1293568812794987,0.6077259651171644,-0.3100689439237146,-0.2230459853948967,0.6869071507152954,-0.41957372665788556,0.07983119369123591,-0.25503337101313517,0.280454654373816,-0.5103145428713322,-0.32895442636570466,0.32014225786860906,-0.4756373091042815,0.474157757460074,0.5504971316351888,-0.3125186518035036,-0.36589099770072103,-0.5061878361084695,-0.4543904324818386,-0.31920333448856325,0.7037855994861805,0.3017483820262371,-0.3076730708132868,0.08714095235983553,0.5420638425290925,0.46970477451508597,-0.21250344760684337,-0.6186840444381785,0.7255696449480397,-0.1660988573095503,-0.6147266592380422,-0.5093303903317493,-0.08551830497393514,-0.34861767174494257,0.5418818454721058,-0.3023766821093612,-0.38695319277745377,0.5398684542727314,-0.1137036444423013,0.6527807995947019,-0.11357912473206125,0.07927123881224732
Buenos Aires,0.39817019627751943,-0.6836479894397317,-0.14417799121604563,0.29690055307216223,-0.7244802467632921,0.9999999999999999,0.490803199483689,-0.47903643064092716,-0.28487716096719384,-0.6814109936314953,-0.10738171770040522,0.2571077882979607,-0.3637780064310487,-0.08946557299256556,-0.05647502071602943,0.27248947192247897,-0.7120249349986614,0.07000711637320785,0.3584258944394563,-0.0858517971780203,0.059580256333732616,-0.12164755602390746,-0.3359652923938594,0.28506521707330507,-0.09121243817117373,0.25317900125075327,0.5734812917334352,0.19521258583603848,-0.6339046891624528,-0.03680553682929659,0.2569550162623995,0.29134950155911515,-0.509716288406622,0.11968824436102153,0.47758921390583414,0.4600134993483704,-0.4182340270367958,-0.2603609825749792,0.9384178736249352,0.20771136492787223,0.03378584314634308,0.3315475420107033,-0.014115779078819701,0.09338750207251945,0.09116954940625942,-0.741365399333348,-0.2742310124354601,-0.20583264980498364,0.16341666434236252,0.4332455514246924
Cairo,0.6475677237450411,-0.31820553227022425,0.3440096146831498,-0.45975539100353713,0.03905664185404261,0.490803199483689,1.0,-0.09378254511959543,-0.73388668635041,-0.16896282072551233,-0.24201689886545807,-0.08472265845505415,0.37208052286902554,-0.3247208319631365,0.07187531416500358,0.30926758505088525,-0.7993644357919197,-0.8105540125312032,0.6543840885393497,0.25304058230365767,-0.4890266928241334,-0.1430892960515559,0.2593506302095954,-0.1664545670048879,-0.7883205911218594,-0.01332118133862855,0.5089123685227662,0.04302718883354609,0.2708938319335617,0.4999248498633341,-0.021480457448711816,-0.062196672735767095,0.029847548047878977,0.4603293010151123,0.3780172644184116,-0.31827882664312146,-0.09101664961359605,-0.813719059762648,0.6303979787367712,0.09891432362693406,-0.08092477851108214,0.3902261529642534,0.09321918511423014,-0.41701608921007227,-0.4600065232713853,-0.6879682686448241,-0.8029790418879408,0.4190646889140525,0.4888390943629359,0.9031853687491855
Cape Town,0.35750663040609126,0.2856002467959432,-0.15691800049710522,-0.28047424924515324,0.15367642005530371,-0.47903643064092716,-0.09378254511959543,0.9999999999999999,0.013558691910176406,0.05214560851014208,0.628925119893959,-0.020573089159357166,0.4341557195642073,0.7872355483413934,-0.5911889062697938,-0.4967016931076772,0.00062936831442754,-0.19642956077755838,0.13332847492642752,0.1882541508818651,-0.36477948531360066,-0.3895955192109195,0.09794668428117691,-0.13803515974035876,-0.2351096627430842,-0.23109618125276138,-0.0776141143960161,-0.2775549928551917,0.4244303356279539,-0.16460374643981643,0.4479158803290934,-0.37104571818471693,0.8185138720669729,-0.2357127320295009,0.07069327389690683,-0.32536144809673506,0.13685260141348407,-0.27656212716274814,-0.28563247086340854,-0.13569999231117652,0.18360546314956466,-0.20305669672429597,-0.6869382153952782,-0.18215462754495718,-0.08341032061443164,0.3651824561181665,0.011377853744088222,0.1479773716144178,0.02812847597114337,-0.2716253069608185
Chennai,-0.7392958396298199,0.6225151984414147,0.20065564793669866,0.31934148847167176,0.1293568812794987,-0.28487716096719384,-0.73388668635041,0.013558691910176406,0.9999999999999999,-0.2187894475604838,0.3211583055877424,0.5809366690842708,0.011343679446746724,0.17369542115648268,-0.4642635165868959,-0.6280160190828806,0.5405414475655091,0.5302332654004284,-0.9476259039849722,0.23090428841211325,0.23362905748960738,0.4592970982779036,-0.2662386325613079,-0.08709015779097713,0.5346037843436591,-0.0708432527513155,-0.7544123654342698,-0.45439949156081905,-0.4291039368460824,-0.3380284521550885,0.11945964412105811,0.42920778097710854,0.22573757584676407,-0.21304870941827075,0.19139054629058927,0.32638504661531637,0.3892874179430052,0.3368752376113869,-0.35593206153419704,-0.5526974033482835,-0.025459257295134062,-0.835003553956182,0.27302954014419895,0.4226547612893764,0.630940342909713,0.6216854378138459,0.6365341688113517,-0.168232741239071,-0.8580959662056342,-0.5719389100981997
Chicago,-0.20678160024006034,0.07844903287714174,0.09452431584466763,-0.5600552784665233,0.6077259651171644,-0.6814109936314953,-0.16896282072551233,0.05214560851014208,-0.2187894475604838,0.9999999999999998,-0.4069037343954191,-0.8116009218446608,-0.03566034216532053,-0.2660554292430426,0.47405084431688044,0.34441775350824044,0.36656726405904577,-0.09047220254181434,0.006332665035602496,-0.0775931455368739,-0.1971446983731099,-0.07078835444684155,0.7227400145868289,0.022969620932912823,0.09027032558671592,-0.289461422275963,0.015279926273287055,0.463955979991508,0.7825380388218287,0.28496938068041633,-0.5096187633152055,-0.3354400383397865,0.07436313198368256,0.152859023727841,-0.8886052788685288,-0.25061540973896834,0.40303926774257776,0.32812753888820917,-0.6037253751039513,-0.08395457858421763,0.33521923230620704,0.13162433124907033,0.1448522690487178,-0.538942711739663,-0.49474023101228215,0.4808298187844643,-0.1656564714579427,0.11028800796717546,0.1795428193480692,-0.16575176897664445
Delhi,0.3527089674757258,0.17261829298828274,-0.3871667990142456,0.24591760060145487,-0.3100689439237146,-0.10738171770040522,-0.24201689886545807,0.628925119893959,0.3211583055877424,-0.4069037343954191,1.0,0.5582804745646054,0.018552052193546963,0.797005996509608,-0.6358473805523445,-0.27126244258570426,0.15040418334880742,0.09724374794375815,-0.1498562355496621,0.4602718340279985,0.24961248962729574,-0.5363851841052557,-0.18885645520880004,-0.4922442336272278,0.26710847873264376,0.4767398225788712,-0.35603332519545083,-0.19951033221740389,-0.12271479978236925,0.050418838932606964,0.158537604575281,-0.4714195698163847,0.3798686455230047,-0.7774256317130294,0.38137358593955567,0.2520783461851664,-0.2416173732322169,-0.24231327558495158,0.019754086703376608,0.0034334789613028206,0.046134071166929067,-0.469614439899028,-0.6447281055435077,0.08589573420647748,0.6856498857044862,0.013653277419769036,0.06464336289244565,-0.4832109567052267,-0.45439897028047577,-0.1354428391334238
Doha,-0.11762449757201332,0.407475723362497,0.13690853448427473,0.5029981460916501,-0.2230459853948967,0.2571077882979607,-0.08472265845505415,-0.020573089159357166,0.5809366690842708,-0.8116009218446608,0.5582804745646054,1.0000000000000002,0.21394776624571502,0.15604786967988366,-0.4872638999856358,-0.45109170469616694,0.08005722772342559,0.03904323916497058,-0.45237345059635037,0.4080726068025175,0.33341829666073264,0.23225263350197942,-0.5679098100109914,-0.4544413181267812,0.08580470433948499,0.3972317283665251,-0.5788181218027536,-0.6467308225765995,-0.6147741014816077,-0.04598214753581681,0.15704279069747612,0.23220478580147486,0.09312879757937426,-0.3213731784027676,0.8462183724314306,0.18157818070635381,-0.1707429894977005,-0.2932210630095274,0.20804439497639277,-0.1379288705824841,-0.4623604978041798,-0.5738247177844201,0.10004132050403819,0.555880310010381,0.7722090655610012,-0.19288112127431123,0.263989171940973,-0.13638011231877797,-0.5886470172982011,0.11123582604384412
Dubai,-0.02332944413018452,0.7031290454081912,0.6863777417357945,-0.4466998263738602,0.6869071507152954,-0.3637780064310487,0.37208052286902554,0.4341557195642073,0.011343679446746724,-0.03566034216532053,0.018552052193546963,0.21394776624571502,0.9999999999999999,-0.11165491612652742,-0.2790954517004544,-0.5736637940170569,-0.10945121764551129,-0.7497658594050802,-0.02649369787610477,0.3276610199371697,-0.5546925991861421,0.4168582236313243,0.08206847032213314,-0.3621564503908907,-0.7836755373962045,-0.4319501772746787,-0.3390184335115613,-0.762522714958036,0.4245557744455444,0.10065150954060756,0.19472436894997297,0.16468542406992706,0.7377372996675515,0.45027203718539466,0.45037831297431674,-0.8037536016953555,0.39730583318677376,-0.6137655104274551,-0.24988087400795447,-0.3348376324750142,-0.40572873575391283,-0.2579356359454929,0.2283088887296333,-0.0072704691335708565,-0.30712688501102126,0.15062381703458003,-0.1144560025594862,0.8354532610295072,0.0671617713080312,0.2935418066736619
Helsinki,0.3828677160944308,-0.084837801345027,-0.561844553292543,0.15467034273345706,-0.41957372665788556,-0.08946557299256556,-0.3247208319631365,0.7872355483413934,0.17369542115648268,-0.2660554292430426,0.797005996509608,0.15604786967988366,-0.11165491612652742,1.0,-0.6755159493547215,-0.37369696242646766,-0.028548050094212716,0.31458464768116307,0.06313718649676058,0.05113900663330969,-0.009160541942593116,-0.5784077414884651,-0.1912225380985906,0.08167616292604372,0.2213287003142192,0.059182952976192485,0.06181353621424094,-0.03604460077545681,-0.09365610601585685,-0.3723298619601485,0.5602150554304202,-0.3103711967280866,0.4431402485850786,-0.5500702404281328,0.11404756235072772,0.24502715184476354,-0.15287248104514806,-0.01021190982807894,0.019935855721505046,-0.0005402339089082603,0.3480572506442254,-0.186972584554468,-0.8725470916272665,0.00952304716541932,0.28692456903454533,0.21592446154170333,0.18644764670906475,-0.36706413599935633,-0.14726251944092036,-0.4656723970059214
Ho Chi Minh City,-0.11651762895327439,-0.24590906228254883,-0.1605840108433319,0.15020381235206554,0.07983119369123591,-0.05647502071602943,0.07187531416500358,-0.5911889062697938,-0.4642635165868959,0.47405084431688044,-0.6358473805523445,-0.4872638999856358,-0.2790954517004544,-0.6755159493547215,1.0,0.6902327235370144,0.29476250109891383,-0.0476265505578037,0.3197898188506737,-0.5078311863033594,0.4132586431928551,0.10280739549230423,0.03754357158544421,0.03961645918539481,0.043535440850747203,0.23834932398094008,0.15003971398452318,0.3837932342633757,0.16557068559638696,0.21577215004093062,-0.6177159615716036,-0.2164214988339135,-0.7037532990306005,0.07828893935338833,-0.5310023900933651,-0.2421508472202133,-0.37597316125508684,0.4081249754337394,-0.23490768130417733,0.6246986183762553,-0.35861465625472944,0.6505935880537478,0.3003780464158937,0.09781879141078367,-0.2869787977158296,-0.3024168326691783,0.0005578877611325071,-0.007449137903161802,0.525996061473779,0.17194385691022535
Hong Kong,0.38867542590419824,-0.6677049866275111,-0.34519435287469735,-0.03730208324915936,-0.25503337101313517,0.27248947192247897,0.30926758505088525,-0.4967016931076772,-0.6280160190828806,0.34441775350824044,-0.27126244258570426,-0.45109170469616694,-0.5736637940170569,-0.37369696242646766,0.6902327235370144,0.9999999999999999,-0.08748894394601572,-0.07611838231221892,0.4677586362772528,-0.0604075518211991,0.32382847881228116,-0.503836090208654,0.35812759317415666,-0.12492758211718553,0.1974960323219822,0.5462768942495967,0.4236143357986773,0.8208215000220915,0.19064610258531053,0.5993511421179921,-0.6934990377110857,-0.5438490354324352,-0.704598755830139,-0.20544938620016248,-0.4585713371218091,0.25868720982096943,-0.43295122682821363,0.07544914075624062,0.27557920014561793,0.5274858661843508,0.14722016415282146,0.5453024715881618,-0.013121170211991856,-0.39070936467077066,-0.07942251241365383,-0.5573876237772011,-0.528071784515572,-0.4603382066983813,0.3338926107756962,0.45275755706090065
Houston,-0.6224074507040595,0.54431263673406,-0.17686116291547374,0.3741158741977318,0.280454654373816,-0.7120249349986614,-0.7993644357919197,0.00062936831442754,0.5405414475655091,0.36656726405904577,0.15040418334880742,0.08005722772342559,-0.10945121764551129,-0.028548050094212716,0.29476250109891383,-0.08748894394601572,0.9999999999999999,0.3976047761720685,-0.5632186530901687,-0.12870569089651546,0.6162356404067292,0.20977157598477536,-0.14032673364965476,-0.28254654137643975,0.5805176148663747,0.23310179630846198,-0.7446499122480642,-0.13944997803267423,0.03354653939580282,-0.09477810295751093,-0.42870643080877197,-0.2113061130342607,-0.08473169853649201,-0.47895501095287946,-0.39350666965895303,-0.06479858555225919,-0.018963319012669195,0.6507747539784196,-0.8499434318654195,0.11311563300509929,-0.31101211314650645,-0.3082955491598151,0.11393301923752412,0.4112674301823706,0.425061318418543,0.5046141145916608,0.6419488303366121,-0.2574698587725223,-0.35861853727780724,-0.5597626437013042
Istanbul,-0.4376264624092405,-0.21479301964475406,-0.5403325571678657,0.607969843555588,-0.5103145428713322,0.07000711637320785,-0.8105540125312032,-0.19642956077755838,0.5302332654004284,-0.09047220254181434,0.09724374794375815,0.03904323916497058,-0.7497658594050802,0.31458464768116307,-0.0476265505578037,-0.07611838231221892,0.3976047761720685,1.0000000000000002,-0.4130405655869296,-0.4338572598759651,0.5105993084055842,0.003950423884355846,-0.38606176275165294,0.5141805124428139,0.8478010688420581,0.08519806615106428,-0.04272823961014593,0.2533077304353252,-0.6130042308449535,-0.6047342913562873,0.19022285629042893,0.2219987500859158,-0.3900996348839507,-0.3830143858800167,-0.30895836901203905,0.6783921503317577,-0.12514161527223053,0.8302441228945973,-0.11327854811970738,0.03386962637761581,0.27213974779109895,-0.10759090494929427,-0.16479307484358888,0.39441622746275695,0.42131683475647097,0.3485727846395785,0.6721613019904134,-0.6156764649714678,-0.3362075324248005,-0.7917931772961468
Jakarta,0.8127652981762403,-0.6503470789269362,-0.37912691487049816,-0.12314124601405946,-0.32895442636570466,0.3584258944394563,0.6543840885393497,0.13332847492642752,-0.9476259039849722,0.006332665035602496,-0.1498562355496621,-0.45237345059635037,-0.02649369787610477,0.06313718649676058,0.3197898188506737,0.4677586362772528,-0.5632186530901687,-0.4130405655869296,1.0,-0.3522566129448352,-0.16416888723802112,-0.5093003849254354,0.013785379476404565,0.18100602457891218,-0.5230327512904815,0.09282865198726101,0.7835871719460766,0.33180125049657516,0.2520261516012797,0.10539418312998686,0.1296655183607326,-0.40384503177962033,-0.18451618341860493,0.10045698133086664,-0.051582437571877804,-0.3082026774838417,-0.5435778173293292,-0.3070865488872454,0.3973900771679896,0.6511814145095914,-0.038392905684595816,0.865664082183079,-0.4895908873289563,-0.2300198999677031,-0.54305265261848,-0.6481915445711618,-0.4663745523848926,0.12320379246069835,0.8928788041730331,0.4338718860436115
Karachi,0.15403909348107225,0.33548805790386105,0.475485886906465,-0.46342230651849875,0.32014225786860906,-0.0858517971780203,0.25304058230365767,0.1882541508818651,0.23090428841211325,-0.0775931455368739,0.4602718340279985,0.4080726068025175,0.3276610199371697,0.05113900663330969,-0.5078311863033594,-0.0604075518211991,-0.12870569089651546,-0.4338572598759651,-0.3522566129448352,1.0,-0.2649872063492717,-0.17884751977961413,0.5095874037167075,-0.7286385942785869,-0.05705364945053469,0.19912068091578305,-0.39987327420854996,-0.10108243501184772,0.2733345731831306,0.6965510067505409,-0.31075680259059507,-0.20395835776943858,0.4551966971912159,-0.13955271334528496,0.3561899084408114,0.16419915906313323,0.4105446266899197,-0.6631052268491706,0.17764499603858286,-0.5733963747532055,0.22605350483821143,-0.7123046434661982,0.16131757086995374,-0.4930048945187858,0.364191171347593,0.024493643467611598,-0.5557309158651056,-0.07914720983176023,-0.6373904886284594,0.46585404600810265
Kolkata,-0.16637761900271755,-0.08049527141230149,-0.6015542745488296,0.8502050447481633,-0.4756373091042815,0.059580256333732616,-0.4890266928241334,-0.36477948531360066,0.23362905748960738,-0.1971446983731099,0.24961248962729574,0.33341829666073264,-0.5546925991861421,-0.009160541942593116,0.4132586431928551,0.32382847881228116,0.6162356404067292,0.5105993084055842,-0.16416888723802112,-0.2649872063492717,0.9999999999999999,-0.10874828723747415,-0.5387286341464582,-0.22744275092672153,0.6602354212356673,0.7869557988135651,-0.34543055787151256,0.10429699142200795,-0.5070683408283926,-0.04731402743048365,-0.3912464307965805,-0.29204577385901787,-0.6730158631416319,-0.7293286914306453,-0.05905031555253803,0.32870897603439997,-0.6971419488020043,0.5347981373980741,-0.16441325941327592,0.6161583053319377,-0.44012981464978296,0.07880925738160868,-0.1019045782558493,0.6121364924816672,0.6959079324725731,-0.25782494260059635,0.4790545760991407,-0.6746725239330208,-0.16717272387634327,-0.21256894620068378
Kuala Lumpur,-0.7965723385021191,0.5850845208379175,0.6658747188571422,0.07927874652148259,0.474157757460074,-0.12164755602390746,-0.1430892960515559,-0.3895955192109195,0.4592970982779036,-0.07078835444684155,-0.5363851841052557,0.23225263350197942,0.4168582236313243,-0.5784077414884651,0.10280739549230423,-0.503836090208654,0.20977157598477536,0.003950423884355846,-0.5093003849254354,-0.17884751977961413,-0.10874828723747415,1.0000000000000002,-0.2750210423648739,0.1768273018068184,-0.20051332759047155,-0.4930184888921876,-0.41108471282255915,-0.622005247820517,-0.23785914478515455,-0.3389021417887838,0.11433696222126508,0.8123029003433571,0.04410876361365069,0.6130718179524111,0.20606274917100023,-0.3393636546747301,0.4220180708402608,0.17284271675562252,-0.2966430238330758,-0.3642626063676614,-0.45854036828013844,-0.24081008958514621,0.7924432926041476,0.4780483000655764,-0.1297886663032207,0.3170304772560746,0.4720900871080676,0.6169508250742617,-0.15419237811100342,-0.13693892913895356
Lagos,0.12800418280342526,-0.0345567952015757,0.36932988434190034,-0.8843107740905094,0.5504971316351888,-0.3359652923938594,0.2593506302095954,0.09794668428117691,-0.2662386325613079,0.7227400145868289,-0.18885645520880004,-0.5679098100109914,0.08206847032213314,-0.1912225380985906,0.03754357158544421,0.35812759317415666,-0.14032673364965476,-0.38606176275165294,0.013785379476404565,0.5095874037167075,-0.5387286341464582,-0.2750210423648739,0.9999999999999998,-0.2077891214312365,-0.09062323804072736,-0.22998097348027635,0.13078427311863206,0.5053996784803257,0.7950893020237584,0.6601755437090523,-0.4682041835785408,-0.3167156636052908,0.2861619059529012,0.22897055026116586,-0.5018580769395808,-0.0032218385896576256,0.5962213466308414,-0.26065991589017723,-0.07317387996103157,-0.4448368650528753,0.628778009413457,-0.14699366645290105,0.16948365321877581,-0.9404043790106215,-0.39055496368756215,0.2572637887537423,-0.7029308174809633,0.07566748797604173,-0.07664124050804626,0.2874508565676957
London,-0.16389971390693017,-0.45891317407423515,-0.20831866308809324,0.0948234548405403,-0.3125186518035036,0.28506521707330507,-0.1664545670048879,-0.13803515974035876,-0.08709015779097713,0.022969620932912823,-0.4922442336272278,-0.4544413181267812,-0.3621564503908907,0.08167616292604372,0.03961645918539481,-0.12492758211718553,-0.28254654137643975,0.5141805124428139,0.18100602457891218,-0.7286385942785869,-0.22744275092672153,0.1768273018068184,-0.2077891214312365,0.9999999999999998,0.05382633256671828,-0.5794585445194235,0.6208127353972535,0.2265991124739804,-0.30084929259670085,-0.7419043709176804,0.5979118651561764,0.5371718351308137,-0.19673635565000178,0.43475279240971304,-0.29895534740884844,0.17401697713524095,0.07854111433873703,0.48822686218115674,0.15183880246002673,-0.005366754246409852,0.3497226636621189,0.4295846395199717,-0.08659754683909236,0.10427083602846156,-0.4819275042941835,0.19748090381507458,0.3216036059953799,0.11958363204290857,0.37407503948517556,-0.49211025759305504
Los Angeles,-0.37325516791544405,-0.12774027149548667,-0.5030318955174978,0.4864348419886855,-0.36589099770072103,-0.09121243817117373,-0.7883205911218594,-0.2351096627430842,0.5346037843436591,0.09027032558671592,0.26710847873264376,0.08580470433948499,-0.7836755373962045,0.2213287003142192,0.043535440850747203,0.1974960323219822,0.5805176148663747,0.8478010688420581,-0.5230327512904815,-0.05705364945053469,0.6602354212356673,-0.20051332759047155,-0.09062323804072736,0.05382633256671828,1.0,0.41971820719898095,-0.2776429558619411,0.4174196303332674,-0.3881858386055249,-0.12164296025171335,-0.28285594205955683,-0.13934132602189334,-0.41973594909824385,-0.6474816356159261,-0.3985890031729952,0.7618112239372445,-0.11861449542782904,0.7119119754753772,-0.19092419263426252,0.021232610797877374,0.3013838481978937,-0.2969875692261652,-0.0998419397450193,0.16545947222142587,0.6488559095463328,0.29425061819974746,0.41966655963609323,-0.8433613616872389,-0.5606251453914202,-0.5723046553777122
Madrid,0.33749794980380293,-0.2445580337239282,-0.5173306573445987,0.5378783366089496,-0.5061878361084695,0.25317900125075327,-0.01332118133862855,-0.23109618125276138,-0.0708432527513155,-0.289461422275963,0.4767398225788712,0.3972317283665251,-0.4319501772746787,0.059182952976192485,0.23834932398094008,0.5462768942495967,0.23310179630846198,0.08519806615106428,0.09282865198726101,0.19912068091578305,0.7869557988135651,-0.4930184888921876,-0.22998097348027635,-0.5794585445194235,0.41971820719898095,1.0,-0.18895684745133384,0.2441477961019894,-0.2787552707794266,0.44349934534141455,-0.5238866997381211,-0.6024503942037056,-0.5329758192160705,-0.7940145771174075,0.15688007329484116,0.36760720789753537,-0.7314210541573893,-0.02137269300413125,0.20849963290405196,0.5761028553226537,-0.28630355245089145,0.04936776517754316,-0.24109179050041094,0.19372487197799515,0.7072367588093271,-0.5962469169694098,-0.10667742932686036,-0.7299265118007651,-0.16365695468004762,0.29969401927840755
Manila,0.5968369180992434,-0.872058473583161,-0.30804570773173845,-0.20337869196385674,-0.4543904324818386,0.5734812917334352,0.5089123685227662,-0.0776141143960161,-0.7544123654342698,0.015279926273287055,-0.35603332519545083,-0.5788181218027536,-0.3390184335115613,0.06181353621424094,0.15003971398452318,0.4236143357986773,-0.7446499122480642,-0.04272823961014593,0.7835871719460766,-0.39987327420854996,-0.34543055787151256,-0.41108471282255915,0.13078427311863206,0.6208127353972535,-0.2776429558619411,-0.18895684745133384,1.0000000000000002,0.574806453427319,0.03590882315254819,-0.10185257535392782,0.312943984384984,-0.01958371346558031,-0.27003650201088125,0.3178668623683671,-0.19464617903888656,0.12562106907128867,-0.23271391747845027,-0.0986061103678468,0.6087763318041459,0.292904751860873,0.42699981018425587,0.7485765852067271,-0.34284639888821633,-0.3826438335312819,-0.601685627673047,-0.4271964841228581,-0.4368807901816659,0.011192260116752726,0.6922533273177316,0.2139497353564492
Melbourne,0.3155074401732704,-0.7719974712741506,-0.44858337633554074,-0.17594806708279284,-0.31920333448856325,0.19521258583603848,0.04302718883354609,-0.2775549928551917,-0.45439949156081905,0.463955979991508,-0.19951033221740389,-0.6467308225765995,-0.762522714958036,-0.03604460077545681,0.3837932342633757,0.8208215000220915,-0.13944997803267423,0.2533077304353252,0.33180125049657516,-0.10108243501184772,0.10429699142200795,-0.622005247820517,0.5053996784803257,0.2265991124739804,0.4174196303332674,0.2441477961019894,0.574806453427319,1.0,0.19570368543705766,0.330331913220109,-0.4087333128960555,-0.432402541612922,-0.506970362931446,-0.18931289273188276,-0.6821721297972232,0.5287824187107499,-0.14913205461593415,0.27166822906333554,0.25540547882060183,0.23008645364403862,0.6463229717154175,0.40295423899648497,-0.20910195316782101,-0.5855756516018229,-0.15272322452785597,-0.17130587909267647,-0.4377834282827402,-0.5774493214879426,0.1887514394471447,0.060659564126100074
Mexico City,0.21907137089104772,0.19596803247939865,0.27197632448239917,-0.8148718794750922,0.7037855994861805,-0.6339046891624528,0.2708938319335617,0.4244303356279539,-0.4291039368460824,0.7825380388218287,-0.12271479978236925,-0.6147741014816077,0.4245557744455444,-0.09365610601585685,0.16557068559638696,0.19064610258531053,0.03354653939580282,-0.6130042308449535,0.2520261516012797,0.2733345731831306,-0.5070683408283926,-0.23785914478515455,0.7950893020237584,-0.30084929259670085,-0.3881858386055249,-0.2787552707794266,0.03590882315254819,0.19570368543705766,1.0000000000000002,0.5141649880310524,-0.3599955934186272,-0.5012517267092156,0.47658694760857084,0.19537426079124723,-0.4760500432977265,-0.5397209716759567,0.3963417864406262,-0.2831996980644612,-0.4086438649183229,-0.13669355856600654,0.2320893551499822,0.06868327796396319,-0.038473850309226544,-0.7058313792142618,-0.5611347565007309,0.2596908774845538,-0.5150696028814634,0.3630615051992835,0.26897285949378563,0.22401020772738003
Moscow,0.34161865299854016,-0.024323261613747607,0.2791648505832252,-0.4727813124129947,0.3017483820262371,-0.03680553682929659,0.4999248498633341,-0.16460374643981643,-0.3380284521550885,0.28496938068041633,0.050418838932606964,-0.04598214753581681,0.10065150954060756,-0.3723298619601485,0.21577215004093062,0.5993511421179921,-0.09477810295751093,-0.6047342913562873,0.10539418312998686,0.6965510067505409,-0.04731402743048365,-0.3389021417887838,0.6601755437090523,-0.7419043709176804,-0.12164296025171335,0.44349934534141455,-0.10185257535392782,0.330331913220109,0.5141649880310524,1.0,-0.7814987720914267,-0.5413084258125872,-0.049369028558553844,-0.11500044055983047,-0.04008556523407146,-0.004716085499816793,0.05351015190956117,-0.5276593105788284,0.16030692791870796,-0.034567439368742625,0.07004661766940445,-0.11137834002927612,0.2258888514990206,-0.6128546337959094,0.07269616739535187,-0.35491035552393413,-0.7921497134799248,-0.12944230543895707,-0.12391512584797083,0.7565698782389866
Mumbai,0.10863749777213026,-0.05454255132882805,-0.08519460480618486,0.12074010419181853,-0.3076730708132868,0.2569550162623995,-0.021480457448711816,0.4479158803290934,0.11945964412105811,-0.5096187633152055,0.158537604575281,0.15704279069747612,0.19472436894997297,0.5602150554304202,-0.6177159615716036,-0.6934990377110857,-0.42870643080877197,0.19022285629042893,0.1296655183607326,-0.31075680259059507,-0.3912464307965805,0.11433696222126508,-0.4682041835785408,0.5979118651561764,-0.28285594205955683,-0.5238866997381211,0.312943984384984,-0.4087333128960555,-0.3599955934186272,-0.7814987720914267,0.9999999999999998,0.48979473331711093,0.4048591574824421,0.2530808839059763,0.4015521011970854,-0.05063012195772732,0.0570108523280893,-0.07927053467710704,0.2382483180294065,-0.1681834915562386,0.10446747034085987,0.03529363028159788,-0.38888254630319063,0.2752719488723919,-0.1903550660909235,0.1482760833163429,0.326174448954866,0.3006139316204943,0.15660978903304482,-0.36916556844685283
Nairobi,-0.5930208464920933,0.19781730796714248,0.5261393056547712,0.08163990126725869,0.08714095235983553,0.29134950155911515,-0.062196672735767095,-0.37104571818471693,0.42920778097710854,-0.3354400383397865,-0.4714195698163847,0.23220478580147486,0.16468542406992706,-0.3103711967280866,-0.2164214988339135,-0.5438490354324352,-0.2113061130342607,0.2219987500859158,-0.40384503177962033,-0.20395835776943858,-0.29204577385901787,0.8123029003433571,-0.3167156636052908,0.5371718351308137,-0.13934132602189334,-0.6024503942037056,-0.01958371346558031,-0.432402541612922,-0.5012517267092156,-0.5413084258125872,0.48979473331711093,1.0,0.02430272269909383,0.67275391722293,0.318742364799034,0.044302304141084395,0.4342312882681346,0.1151667487435924,0.15424069192772222,-0.4965868261895893,-0.06898895401587961,-0.2027152841979877,0.5835669074939177,0.35105534522217696,-0.14809340617861233,0.23761226856866458,0.3692298220490445,0.45852868614699543,-0.1739054324872593,-0.19151743830377282
New York,0.04242225109728718,0.591626473026809,0.4244550825297899,-0.563625975919731,0.5420638425290925,-0.509716288406622,0.029847548047878977,0.8185138720669729,0.22573757584676407,0.07436313198368256,0.3798686455230047,0.09312879757937426,0.7377372996675515,0.4431402485850786,-0.7037532990306005,-0.704598755830139,-0.08473169853649201,-0.3900996348839507,-0.18451618341860493,0.4551966971912159,-0.6730158631416319,0.04410876361365069,0.2861619059529012,-0.19673635565000178,-0.41973594909824385,-0.5329758192160705,-0.27003650201088125,-0.506970362931446,0.47658694760857084,-0.049369028558553844,0.4048591574824421,0.02430272269909383,0.9999999999999998,0.18072115296748886,0.22329928554358908,-0.41247975726620095,0.6048488555566178,-0.46213491402228407,-0.2816379782677569,-0.6052136246781552,0.18237071837174013,-0.5162002369532871,-0.1745856878250962,-0.28102545507049825,-0.180874187365377,0.5372458479191956,-0.08224986022660954,0.4916856829372821,-0.21184807989441934,-0.11569037238632121
Osaka,-0.2243234844290591,0.0728187414329294,0.7189962108868176,-0.531428141803809,0.46970477451508597,0.11968824436102153,0.4603293010151123,-0.2357127320295009,-0.21304870941827075,0.152859023727841,-0.7774256317130294,-0.3213731784027676,0.45027203718539466,-0.5500702404281328,0.07828893935338833,-0.20544938620016248,-0.47895501095287946,-0.3830143858800167,0.10045698133086664,-0.13955271334528496,-0.7293286914306453,0.6130718179524111,0.22897055026116586,0.43475279240971304,-0.6474816356159261,-0.7940145771174075,0.3178668623683671,-0.18931289273188276,0.19537426079124723,-0.11500044055983047,0.2530808839059763,0.67275391722293,0.18072115296748886,0.9999999999999998,0.03685245688631498,-0.4152226510281884,0.55430025786212,-0.22362347654694914,0.12565225260135915,-0.4066212360352416,0.03393250704978678,0.1715558411664365,0.5820741036884316,-0.20105705097759102,-0.766540384764066,0.10205762326990041,-0.19825217345943322,0.8258665823197799,0.32857436961982134,0.23352796565224346
Paris,0.19905276019936793,0.22747721354757133,0.27767886738813424,0.24316820470232947,-0.21250344760684337,0.47758921390583414,0.3780172644184116,0.07069327389690683,0.19139054629058927,-0.8886052788685288,0.38137358593955567,0.8462183724314306,0.45037831297431674,0.11404756235072772,-0.5310023900933651,-0.4585713371218091,-0.39350666965895303,-0.30895836901203905,-0.051582437571877804,0.3561899084408114,-0.05905031555253803,0.20606274917100023,-0.5018580769395808,-0.29895534740884844,-0.3985890031729952,0.15688007329484116,-0.19464617903888656,-0.6821721297972232,-0.4760500432977265,-0.04008556523407146,0.4015521011970854,0.318742364799034,0.22329928554358908,0.03685245688631498,0.9999999999999999,-0.06338221592191289,-0.15784258121487776,-0.6385733733692478,0.48784126660231586,-0.11591303449074539,-0.4412553630591299,-0.2923196021570754,0.04357725853200763,0.3795589101986394,0.3644331788426859,-0.41854956408510485,-0.029741899875597996,0.20989933181476422,-0.21166058114378616,0.3993114486357985
Riyadh,-0.019284379384242656,-0.4824757057730939,-0.36398281573223557,0.3000686568368196,-0.6186840444381785,0.4600134993483704,-0.31827882664312146,-0.32536144809673506,0.32638504661531637,-0.25061540973896834,0.2520783461851664,0.18157818070635381,-0.8037536016953555,0.24502715184476354,-0.2421508472202133,0.25868720982096943,-0.06479858555225919,0.6783921503317577,-0.3082026774838417,0.16419915906313323,0.32870897603439997,-0.3393636546747301,-0.0032218385896576256,0.17401697713524095,0.7618112239372445,0.36760720789753537,0.12562106907128867,0.5287824187107499,-0.5397209716759567,-0.004716085499816793,-0.05063012195772732,0.044302304141084395,-0.41247975726620095,-0.4152226510281884,-0.06338221592191289,1.0,-0.07740360746227005,0.27865380028280184,0.4560793495991045,-0.15310037798140264,0.5625749081729552,-0.25557292987252245,-0.11188661039914351,-0.09943464795320688,0.5581270934465761,-0.04334797115909794,-0.008190722957899176,-0.816022857862299,-0.5328971488157277,-0.1927331565327959
Rome,-0.48349386316808834,0.4823104929721654,0.7502382546250433,-0.7076688758316454,0.7255696449480397,-0.4182340270367958,-0.09101664961359605,0.13685260141348407,0.3892874179430052,0.40303926774257776,-0.2416173732322169,-0.1707429894977005,0.39730583318677376,-0.15287248104514806,-0.37597316125508684,-0.43295122682821363,-0.018963319012669195,-0.12514161527223053,-0.5435778173293292,0.4105446266899197,-0.6971419488020043,0.4220180708402608,0.5962213466308414,0.07854111433873703,-0.11861449542782904,-0.7314210541573893,-0.23271391747845027,-0.14913205461593415,0.3963417864406262,0.05351015190956117,0.0570108523280893,0.4342312882681346,0.6048488555566178,0.55430025786212,-0.15784258121487776,-0.07740360746227005,1.0,-0.10750323778468732,-0.2609606959343001,-0.928831021047212,0.45783033323735933,-0.5891101713842812,0.4852425113561247,-0.4598543082900391,-0.30088252276935257,0.7289880694480977,-0.1135626384372654,0.4504793550823248,-0.4229487684129695,-0.1472840583331361
San Francisco,-0.5928385581138901,-0.07547063702858582,-0.456968788582362,0.49317993396018694,-0.1660988573095503,-0.2603609825749792,-0.813719059762648,-0.27656212716274814,0.3368752376113869,0.32812753888820917,-0.24231327558495158,-0.2932210630095274,-0.6137655104274551,-0.01021190982807894,0.4081249754337394,0.07544914075624062,0.6507747539784196,0.8302441228945973,-0.3070865488872454,-0.6631052268491706,0.5347981373980741,0.17284271675562252,-0.26065991589017723,0.48822686218115674,0.7119119754753772,-0.02137269300413125,-0.0986061103678468,0.27166822906333554,-0.2831996980644612,-0.5276593105788284,-0.07927053467710704,0.1151667487435924,-0.46213491402228407,-0.22362347654694914,-0.6385733733692478,0.27865380028280184,-0.10750323778468732,1.0,-0.4967264296366364,0.21945782726478727,0.052779026792576136,0.13509793121780336,0.015837527026042447,0.39772996033208957,0.11562769196646011,0.4327986684307081,0.721448794684653,-0.3681183794338564,-0.04433853259138121,-0.7884333891895479
Seoul,0.5724414393080044,-0.6720432829004722,-0.04851650506098134,0.018846405304767475,-0.6147266592380422,0.9384178736249352,0.6303979787367712,-0.28563247086340854,-0.35593206153419704,-0.6037253751039513,0.019754086703376608,0.20804439497639277,-0.24988087400795447,0.019935855721505046,-0.23490768130417733,0.27557920014561793,-0.8499434318654195,-0.11327854811970738,0.3973900771679896,0.17764499603858286,-0.16441325941327592,-0.2966430238330758,-0.07317387996103157,0.15183880246002673,-0.19092419263426252,0.20849963290405196,0.6087763318041459,0.25540547882060183,-0.4086438649183229,0.16030692791870796,0.2382483180294065,0.15424069192772222,-0.2816379782677569,0.12565225260135915,0.48784126660231586,0.4560793495991045,-0.2609606959343001,-0.4967264296366364,0.9999999999999999,0.04053291905894839,0.23372504728784904,0.21617413853025208,-0.09774186450076211,-0.20111018018231344,0.03610760598337366,-0.7032115230183431,-0.5340048944995056,-0.18286951710683622,0.10297152562130703,0.5603319141903084
Shanghai,0.42119999151275234,-0.4561798794898846,-0.709770652183436,0.5523075987894033,-0.5093303903317493,0.20771136492787223,0.09891432362693406,-0.13569999231117652,-0.5526974033482835,-0.08395457858421763,0.0034334789613028206,-0.1379288705824841,-0.3348376324750142,-0.0005402339089082603,0.6246986183762553,0.5274858661843508,0.11311563300509929,0.03386962637761581,0.6511814145095914,-0.5733963747532055,0.6161583053319377,-0.3642626063676614,-0.4448368650528753,-0.005366754246409852,0.021232610797877374,0.5761028553226537,0.292904751860873,0.23008645364403862,-0.13669355856600654,-0.034567439368742625,-0.1681834915562386,-0.4965868261895893,-0.6052136246781552,-0.4066212360352416,-0.11591303449074539,-0.15310037798140264,-0.928831021047212,0.21945782726478727,0.04053291905894839,0.9999999999999998,-0.4739251635729966,0.7692988684051597,-0.42119849316614744,0.36884626141957083,0.02101246439948047,-0.6258693317385389,0.10346062827934409,-0.282551384406599,0.6429223500876291,0.11304660570929484
Singapore,0.16095229711407644,-0.41852187787380757,-0.08983068104001116,-0.5042713747090425,-0.08551830497393514,0.03378584314634308,-0.08092477851108214,0.18360546314956466,-0.025459257295134062,0.33521923230620704,0.046134071166929067,-0.4623604978041798,-0.40572873575391283,0.3480572506442254,-0.35861465625472944,0.14722016415282146,-0.31101211314650645,0.27213974779109895,-0.038392905684595816,0.22605350483821143,-0.44012981464978296,-0.45854036828013844,0.628778009413457,0.3497226636621189,0.3013838481978937,-0.28630355245089145,0.42699981018425587,0.6463229717154175,0.2320893551499822,0.07004661766940445,0.10446747034085987,-0.06898895401587961,0.18237071837174013,0.03393250704978678,-0.4412553630591299,0.5625749081729552,0.45783033323735933,0.052779026792576136,0.23372504728784904,-0.4739251635729966,1.0,-0.1518389146393137,-0.23980611231511875,-0.7393147157434193,-0.1773006784783575,0.3489648767061155,-0.3715314070158357,-0.3154488146565064,-0.2041197017316714,-0.20208388958926915
Stockholm,0.4513120512130368,-0.6738545372929403,-0.4446448395038223,0.11629478141661305,-0.34861767174494257,0.3315475420107033,0.3902261529642534,-0.20305669672429597,-0.835003553956182,0.13162433124907033,-0.469614439899028,-0.5738247177844201,-0.2579356359454929,-0.186972584554468,0.6505935880537478,0.5453024715881618,-0.3082955491598151,-0.10759090494929427,0.865664082183079,-0.7123046434661982,0.07880925738160868,-0.24081008958514621,-0.14699366645290105,0.4295846395199717,-0.2969875692261652,0.04936776517754316,0.7485765852067271,0.40295423899648497,0.06868327796396319,-0.11137834002927612,0.03529363028159788,-0.2027152841979877,-0.5162002369532871,0.1715558411664365,-0.2923196021570754,-0.25557292987252245,-0.5891101713842812,0.13509793121780336,0.21617413853025208,0.7692988684051597,-0.1518389146393137,1.0,-0.26436229865919614,0.02145238319443665,-0.5653322033906484,-0.546450557044559,-0.14640901747354104,0.08492314043310427,0.938558114071015,0.19456482932183447
Sydney,-0.6680170404206958,0.3838225799381423,0.7820593203783581,-0.17735669560203624,0.5418818454721058,-0.014115779078819701,0.09321918511423014,-0.6869382153952782,0.27302954014419895,0.1448522690487178,-0.6447281055435077,0.10004132050403819,0.2283088887296333,-0.8725470916272665,0.3003780464158937,-0.013121170211991856,0.11393301923752412,-0.16479307484358888,-0.4895908873289563,0.16131757086995374,-0.1019045782558493,0.7924432926041476,0.16948365321877581,-0.08659754683909236,-0.0998419397450193,-0.24109179050041094,-0.34284639888821633,-0.20910195316782101,-0.038473850309226544,0.2258888514990206,-0.38888254630319063,0.5835669074939177,-0.1745856878250962,0.5820741036884316,0.04357725853200763,-0.11188661039914351,0.4852425113561247,0.015837527026042447,-0.09774186450076211,-0.42119849316614744,-0.23980611231511875,-0.26436229865919614,0.9999999999999999,0.05277216566914134,-0.09257379884608485,0.11596425147406955,-0.0060969518359265,0.4015255916749094,-0.2662362844866022,0.2537935991983884
São Paulo,-0.40216519295023917,0.2770363803338055,-0.22484691360137116,0.8671485016245246,-0.3023766821093612,0.09338750207251945,-0.41701608921007227,-0.18215462754495718,0.4226547612893764,-0.538942711739663,0.08589573420647748,0.555880310010381,-0.0072704691335708565,0.00952304716541932,0.09781879141078367,-0.39070936467077066,0.4112674301823706,0.39441622746275695,-0.2300198999677031,-0.4930048945187858,0.6121364924816672,0.4780483000655764,-0.9404043790106215,0.10427083602846156,0.16545947222142587,0.19372487197799515,-0.3826438335312819,-0.5855756516018229,-0.7058313792142618,-0.6128546337959094,0.2752719488723919,0.35105534522217696,-0.28102545507049825,-0.20105705097759102,0.3795589101986394,-0.09943464795320688,-0.4598543082900391,0.39772996033208957,-0.20111018018231344,0.36884626141957083,-0.7393147157434193,0.02145238319443665,0.05277216566914134,1.0,0.41703598513453816,-0.0738317291732147,0.8279465421389423,-0.006335618239290097,-0.036391758901063435,-0.3664702922825194
Tehran,-0.1471109976514677,0.19329193435260036,-0.27868843436577645,0.6246339198913742,-0.38695319277745377,0.09116954940625942,-0.4600065232713853,-0.08341032061443164,0.630940342909713,-0.49474023101228215,0.6856498857044862,0.7722090655610012,-0.30712688501102126,0.28692456903454533,-0.2869787977158296,-0.07942251241365383,0.425061318418543,0.42131683475647097,-0.54305265261848,0.364191171347593,0.6959079324725731,-0.1297886663032207,-0.39055496368756215,-0.4819275042941835,0.6488559095463328,0.7072367588093271,-0.601685627673047,-0.15272322452785597,-0.5611347565007309,0.07269616739535187,-0.1903550660909235,-0.14809340617861233,-0.180874187365377,-0.766540384764066,0.3644331788426859,0.5581270934465761,-0.30088252276935257,0.11562769196646011,0.03610760598337366,0.02101246439948047,-0.1773006784783575,-0.5653322033906484,-0.09257379884608485,0.41703598513453816,1.0000000000000002,-0.06818336148004218,0.31286735791531384,-0.6879422419738555,-0.7337418431877497,-0.14327043885175444
Tokyo,-0.654024282145877,0.5646712846583571,0.23372110916497166,-0.26608983944236014,0.5398684542727314,-0.741365399333348,-0.6879682686448241,0.3651824561181665,0.6216854378138459,0.4808298187844643,0.013653277419769036,-0.19288112127431123,0.15062381703458003,0.21592446154170333,-0.3024168326691783,-0.5573876237772011,0.5046141145916608,0.3485727846395785,-0.6481915445711618,0.024493643467611598,-0.25782494260059635,0.3170304772560746,0.2572637887537423,0.19748090381507458,0.29425061819974746,-0.5962469169694098,-0.4271964841228581,-0.17130587909267647,0.2596908774845538,-0.35491035552393413,0.1482760833163429,0.23761226856866458,0.5372458479191956,0.10205762326990041,-0.41854956408510485,-0.04334797115909794,0.7289880694480977,0.4327986684307081,-0.7032115230183431,-0.6258693317385389,0.3489648767061155,-0.546450557044559,0.11596425147406955,-0.0738317291732147,-0.06818336148004218,0.9999999999999998,0.4528578569768466,0.15778110265597897,-0.4309316460531448,-0.740999093372613
Toronto,-0.6566661742016004,0.37701903452790947,-0.25654414757985167,0.6881415383764686,-0.1137036444423013,-0.2742310124354601,-0.8029790418879408,0.011377853744088222,0.6365341688113517,-0.1656564714579427,0.06464336289244565,0.263989171940973,-0.1144560025594862,0.18644764670906475,0.0005578877611325071,-0.528071784515572,0.6419488303366121,0.6721613019904134,-0.4663745523848926,-0.5557309158651056,0.4790545760991407,0.4720900871080676,-0.7029308174809633,0.3216036059953799,0.41966655963609323,-0.10667742932686036,-0.4368807901816659,-0.4377834282827402,-0.5150696028814634,-0.7921497134799248,0.326174448954866,0.3692298220490445,-0.08224986022660954,-0.19825217345943322,-0.029741899875597996,-0.008190722957899176,-0.1135626384372654,0.721448794684653,-0.5340048944995056,0.10346062827934409,-0.3715314070158357,-0.14640901747354104,-0.0060969518359265,0.8279465421389423,0.31286735791531384,0.4528578569768466,0.9999999999999998,-0.0547933790110581,-0.18464451664266582,-0.8099181046459822
Vancouver,-0.16000699732910897,0.447152632041596,0.7087981953866408,-0.4773370900638711,0.6527807995947019,-0.20583264980498364,0.4190646889140525,0.1479773716144178,-0.168232741239071,0.11028800796717546,-0.4832109567052267,-0.13638011231877797,0.8354532610295072,-0.36706413599935633,-0.007449137903161802,-0.4603382066983813,-0.2574698587725223,-0.6156764649714678,0.12320379246069835,-0.07914720983176023,-0.6746725239330208,0.6169508250742617,0.07566748797604173,0.11958363204290857,-0.8433613616872389,-0.7299265118007651,0.011192260116752726,-0.5774493214879426,0.3630615051992835,-0.12944230543895707,0.3006139316204943,0.45852868614699543,0.4916856829372821,0.8258665823197799,0.20989933181476422,-0.816022857862299,0.4504793550823248,-0.3681183794338564,-0.18286951710683622,-0.282551384406599,-0.3154488146565064,0.08492314043310427,0.4015255916749094,-0.006335618239290097,-0.6879422419738555,0.15778110265597897,-0.0547933790110581,0.9999999999999998,0.3710310321638797,0.20774808476436873
Warsaw,0.4721611293358294,-0.4662469309039744,-0.2560361919970179,-0.08514513534796324,-0.11357912473206125,0.16341666434236252,0.4888390943629359,0.02812847597114337,-0.8580959662056342,0.1795428193480692,-0.45439897028047577,-0.5886470172982011,0.0671617713080312,-0.14726251944092036,0.525996061473779,0.3338926107756962,-0.35861853727780724,-0.3362075324248005,0.8928788041730331,-0.6373904886284594,-0.16717272387634327,-0.15419237811100342,-0.07664124050804626,0.37407503948517556,-0.5606251453914202,-0.16365695468004762,0.6922533273177316,0.1887514394471447,0.26897285949378563,-0.12391512584797083,0.15660978903304482,-0.1739054324872593,-0.21184807989441934,0.32857436961982134,-0.21166058114378616,-0.5328971488157277,-0.4229487684129695,-0.04433853259138121,0.10297152562130703,0.6429223500876291,-0.2041197017316714,0.938558114071015,-0.2662362844866022,-0.036391758901063435,-0.7337418431877497,-0.4309316460531448,-0.18464451664266582,0.3710310321638797,1.0,0.2262076884615925
Zurich,0.5317159209065404,-0.19151730024421063,0.37245501657323343,-0.343788533726323,0.07927123881224732,0.4332455514246924,0.9031853687491855,-0.2716253069608185,-0.5719389100981997,-0.16575176897664445,-0.1354428391334238,0.11123582604384412,0.2935418066736619,-0.4656723970059214,0.17194385691022535,0.45275755706090065,-0.5597626437013042,-0.7917931772961468,0.4338718860436115,0.46585404600810265,-0.21256894620068378,-0.13693892913895356,0.2874508565676957,-0.49211025759305504,-0.5723046553777122,0.29969401927840755,0.2139497353564492,0.060659564126100074,0.22401020772738003,0.7565698782389866,-0.36916556844685283,-0.19151743830377282,-0.11569037238632121,0.23352796565224346,0.3993114486357985,-0.1927331565327959,-0.1472840583331361,-0.7884333891895479,0.5603319141903084,0.11304660570929484,-0.20208388958926915,0.19456482932183447,0.2537935991983884,-0.3664702922825194,-0.14327043885175444,-0.740999093372613,-0.8099181046459822,0.20774808476436873,0.2262076884615925,1.0
