city,country,cluster,latitude,longitude
Auckland,NZ,2,-36.848,174.763
Bangkok,TH,1,13.756,100.50200000000001
Beijing,CN,1,39.904,116.407
Bengaluru,IN,0,12.972,77.595
Berlin,DE,1,52.52,13.405000000000001
Buenos Aires,AR,2,-34.604,-58.382
Cairo,EG,2,30.044,31.236000000000004
Cape Town,ZA,4,-33.925,18.424
Chennai,IN,0,13.083,80.271
Chicago,US,3,41.878,-87.63
Delhi,IN,4,28.704,77.102
Doha,QA,0,25.285,51.531
Dubai,AE,1,25.205,55.271
Helsinki,FI,4,60.17,24.938000000000002
Ho Chi Minh City,VN,5,10.823,106.62999999999998
Hong Kong,HK,5,22.319,114.169
Houston,US,0,29.76,-95.37000000000002
Istanbul,TR,0,41.008,28.978
Jakarta,ID,2,-6.209,106.84599999999999
Karachi,PK,3,24.861000000000004,67.001
Kolkata,IN,0,22.573,88.364
Kuala Lumpur,MY,1,3.139,101.687
Lagos,NG,3,6.524,3.379
London,GB,1,51.507,-0.128
Los Angeles,US,0,34.052,-118.24399999999999
Madrid,ES,0,40.417,-3.704
Manila,PH,2,14.6,120.984
Melbourne,AU,3,-37.814,144.963
Mexico City,MX,3,19.433,-99.133
Moscow,RU,3,55.756,37.617
Mumbai,IN,1,19.076,72.878
Nairobi,KE,1,-1.292,36.822
New York,US,4,40.713,-74.006
Osaka,JP,1,34.694,135.502
Paris,FR,2,48.857,2.352
Riyadh,SA,0,24.714,46.675
Rome,IT,1,41.903,12.496
San Francisco,US,0,37.775,-122.419
Seoul,KR,2,37.566,126.97799999999998
Shanghai,CN,5,31.229999999999997,121.474
Singapore,SG,3,1.352,103.82
Stockholm,SE,5,59.32899999999999,18.069
Sydney,AU,1,-33.869,151.209
São Paulo,BR,0,-23.55,-46.633
Tehran,IR,0,35.689,51.389
Tokyo,JP,1,35.676,139.65
Toronto,CA,0,43.653,-79.383
Vancouver,CA,1,49.283,-123.121
Warsaw,PL,5,52.23,21.012
Zurich,CH,2,47.377,8.542
